Super Region,Mobile Indicator Name,Net Orders,Net Gross Booking Value USD,Booking value per order
APAC,Desktop,208070,69857932.9665,412.2330434793927
APAC,Mobile,126605,46269720.3945,401.35451506011253
EMEA,Desktop,315150,105400810.7382,510.48736871911393
EMEA,Mobile,133799,35406373.5069,411.4515935395241
LATAM,Desktop,71401,26784055.5887,562.9633478087925
LATAM,Mobile,21436,6496245.6507,499.31966837803367
NAM,Desktop,1682440,470640195.3853998,549.2748863593827
NAM,Mobile,975369,183964444.05739996,441.4936485005416
