Super Region,Mobile Indicator Name,Net Orders,Net Gross Booking Value USD
APAC,Desktop,208070,69857932.9665
APAC,Mobile,126605,46269720.3945
EMEA,Desktop,315150,105400810.7382
EMEA,Mobile,133799,35406373.5069
LATAM,Desktop,71401,26784055.5887
LATAM,Mobile,21436,6496245.6507
NAM,Desktop,1682440,470640195.3853998
NAM,Mobile,975369,183964444.05739996
